I_true (A),Tc (°C),I_est_A,오차_A(A),오차율_A(%),I_est_B,오차_B(A),오차율_B(%),I_est_C_Tj,오차_C_Tj(A),오차율_C_Tj(%)
25,25,25.055100671140938,0.05510067114093786,0.22040268456375145,24.843513964956177,-0.15648603504382308,-0.6259441401752923,24.9263939458842,-0.07360605411579968,-0.2944242164631987
25,50,28.423825503355705,3.4238255033557046,13.69530201342282,28.183790402544766,3.1837904025447656,12.735161610179063,25.69086885128864,0.6908688512886414,2.7634754051545656
25,75,32.13718120805369,7.13718120805369,28.548724832214763,31.865787354677277,6.865787354677277,27.463149418709108,25.14203612479475,0.1420361247947497,0.5681444991789988
25,100,36.515436241610736,11.515436241610736,46.061744966442944,36.20706865687533,11.207068656875329,44.828274627501315,24.411865495823516,-0.5881345041764838,-2.3525380167059353
25,125,41.071476510067114,16.071476510067114,64.28590604026846,40.72463382334347,15.724633823343467,62.89853529337387,24.075105304490616,-0.9248946955093835,-3.699578782037534
25,150,46.14026845637584,21.140268456375843,84.56107382550337,45.75062055380684,20.75062055380684,83.00248221522736,24.6536017705433,-0.3463982294566996,-1.3855929178267985
50,25,50.4258389261745,0.4258389261744995,0.851677852348999,50.0,0.0,0.0,50.0,0.0,0.0
50,50,57.242617449664436,7.242617449664436,14.485234899328873,56.75921181348116,6.7592118134811585,13.518423626962317,51.390376240451204,1.3903762404512037,2.7807524809024073
50,75,64.8040268456376,14.804026845637594,29.608053691275188,64.25676619928262,14.256766199282623,28.513532398565246,50.2088241593489,0.2088241593489002,0.4176483186978004
50,100,73.65637583892617,23.656375838926166,47.31275167785233,73.03435838396474,23.034358383964744,46.06871676792949,48.739201827657595,-1.2607981723424047,-2.5215963446848093
50,125,82.9261744966443,32.92617449664429,65.85234899328859,82.22587493095715,32.22587493095715,64.4517498619143,48.19161847647605,-1.8083815235239484,-3.616763047047897
50,150,93.28053691275167,43.28053691275167,86.56107382550334,92.49279625205465,42.492796252054646,84.98559250410929,49.5223816663097,-0.4776183336903017,-0.9552366673806035
75,25,76.44697986577181,1.4469798657718087,1.929306487695745,75.80139616288122,0.8013961628812183,1.0685282171749577,75.35767830370528,0.35767830370528486,0.4769044049403798
75,50,86.8755033557047,11.875503355704694,15.834004474272925,86.14185227824767,11.141852278247669,14.85580303766356,77.08217319911473,2.0821731991147345,2.7762309321529797
75,75,98.56476510067114,23.56476510067114,31.41968680089485,97.73239989618617,22.732399896186166,30.309866528248218,75.11208681373598,0.11208681373598495,0.14944908498131326
75,100,112.09026845637584,37.09026845637584,49.453691275167785,111.14368232968876,36.14368232968876,48.19157643958501,72.91282929963589,-2.087170700364112,-2.7828942671521495
75,125,126.40436241610738,51.404362416107375,68.53914988814317,125.33689583347196,50.33689583347196,67.11586111129594,72.42592989219675,-2.5740701078032515,-3.4320934770710023
75,150,142.5,67.5,90.0,141.2966080828381,66.2966080828381,88.39547744378415,74.86899407439137,-0.13100592560863333,-0.17467456747817778
100,25,103.47919463087247,3.4791946308724704,3.4791946308724704,102.60532777884993,2.605327778849926,2.605327778849926,101.08838437923896,1.0883843792389598,1.0883843792389598
100,50,117.77785234899329,17.777852348993292,17.777852348993292,116.78323539785318,16.783235397853176,16.783235397853176,102.67580495466554,2.675804954665537,2.675804954665537
100,75,134.044966442953,34.04496644295301,34.04496644295301,132.91297606292713,32.91297606292713,32.91297606292713,99.72370957378453,-0.27629042621546773,-0.27629042621546773
100,100,152.55973154362414,52.55973154362414,52.559731543624146,151.27138664661373,51.271386646613735,51.271386646613735,96.88619975726424,-3.1138002427357634,-3.1138002427357634
100,125,172.4520134228188,72.4520134228188,72.4520134228188,170.99568107859903,70.99568107859903,70.99568107859903,96.9176126222603,-3.082387377739707,-3.082387377739707
100,150,195.03489932885907,95.03489932885907,95.03489932885907,193.38785777505674,93.38785777505674,93.38785777505674,101.04590561861924,1.0459056186192441,1.0459056186192441
