I_true (A),Tc (°C),I_est_C_Tj,오차_C_Tj(A),오차율_C_Tj(%),I_est_C_Tc,오차_C_Tc(A),오차율_C_Tc(%)
25,25,24.9263939458842,-0.07360605411579968,-0.2944242164631987,24.952880702505894,-0.04711929749410615,-0.1884771899764246
25,50,25.69086885128864,0.6908688512886414,2.7634754051545656,25.747090740344113,0.7470907403441132,2.9883629613764526
25,75,25.14203612479475,0.1420361247947497,0.5681444991789988,25.222031841222243,0.2220318412222433,0.8881273648889733
25,100,24.411865495823516,-0.5881345041764838,-2.3525380167059353,24.495002498750623,-0.5049975012493775,-2.01999000499751
25,125,24.075105304490616,-0.9248946955093835,-3.699578782037534,24.144677661169418,-0.8553223388305824,-3.4212893553223296
25,150,24.6536017705433,-0.3463982294566996,-1.3855929178267985,24.706825158849146,-0.29317484115085435,-1.1726993646034174
50,25,50.0,0.0,0.0,50.21810523309774,0.218105233097738,0.43621046619547593
50,50,51.390376240451204,1.3903762404512037,2.7807524809024073,51.85014635539373,1.8501463553937327,3.700292710787465
50,75,50.2088241593489,0.2088241593489002,0.4176483186978004,50.85778539301778,0.8577853930177781,1.7155707860355565
50,100,48.739201827657595,-1.2607981723424047,-2.5215963446848093,49.407796101949025,-0.5922038980509754,-1.1844077961019508
50,125,48.19161847647605,-1.8083815235239484,-3.616763047047897,48.74812593703148,-1.2518740629685183,-2.5037481259370367
50,150,49.5223816663097,-0.4776183336903017,-0.9552366673806035,49.94752623688155,-0.05247376311844931,-0.10494752623689861
75,25,75.35767830370528,0.35767830370528486,0.4769044049403798,76.13086313985863,1.1308631398586328,1.5078175198115105
75,50,77.08217319911473,2.0821731991147345,2.7762309321529797,78.68994074391375,3.689940743913752,4.919920991885003
75,75,75.11208681373598,0.11208681373598495,0.14944908498131326,77.35239523095595,2.352395230955949,3.1365269746079316
75,100,72.91282929963589,-2.087170700364112,-2.7828942671521495,75.1881202256015,0.18812022560149444,0.2508269674686593
75,125,72.42592989219675,-2.5740701078032515,-3.4320934770710023,74.30606125508675,-0.6939387449132539,-0.9252516598843386
75,150,74.86899407439137,-0.13100592560863333,-0.17467456747817778,76.30149211108731,1.3014921110873132,1.7353228147830844
100,25,101.08838437923896,1.0883843792389598,1.0883843792389598,103.05026058399372,3.050260583993719,3.050260583993719
100,50,102.67580495466554,2.675804954665537,2.675804954665537,106.68023131291498,6.680231312914984,6.680231312914983
100,75,99.72370957378453,-0.27629042621546773,-0.27629042621546773,105.19597344185051,5.195973441850512,5.195973441850512
100,100,96.88619975726424,-3.1138002427357634,-3.1138002427357634,102.33383308345826,2.3338330834582592,2.3338330834582592
100,125,96.9176126222603,-3.082387377739707,-3.082387377739707,101.37431284357821,1.3743128435782097,1.3743128435782097
100,150,101.04590561861924,1.0459056186192441,1.0459056186192441,104.43064182194617,4.430641821946168,4.430641821946168
